Hello,Hello 
Hello,Hello world
Hello,Hi
FDInfo,Please provide FD info
FDInfo,Please provide information on FD
FDInfo,Require information on Fixed Deposit
FDInfo,Require information on FD
FDInfo,Fixed Deposit information
FDInfo,Fixed Deposit
FDInfo,FD
RDInfo,Please provide RD info
RDInfo,Please provide information on RD
RDInfo,Require information on RD
RDInfo,Require information on recurring Deposit
RDInfo,recurring Deposit information 
RDInfo,recurring Deposit
RDInfo,RD
FDRates,To know about Fixed Deposit Rates
FDRates,information on Fixed Deposit Rates
FDRates,Click To know about Fixed Deposit Rates and advantages
FDRates,information on FD rates
FDRates,info on Fixed Deposit rates
FDRates,info on FD rates
FDRates,require information on rates for FD
FDTenures,To know about Fixed Deposit tenures
FDTenures,information on Fixed Deposit  tenures
FDTenures,information on Fixed Deposit tenures
FDTenures,To know about Fixed Deposit tenures
FDTenures,require information about Fixed Deposit for tenures
